<?xml version="1.0" encoding="utf-8" ?>
<table>
	<row tableName="ApplicationMode" fileName="ApplicationMode.zip" createDate="2014-06-14 14:07:33"/>
	<row tableName="BalanceMode" fileName="BalanceMode.zip"  createDate="2014-03-13 11:51:57"/>
	<row tableName="BargainType" fileName="BargainType.zip"  createDate="2014-08-11 11:59:03"/>
	<row tableName="BillType" fileName="BillType.zip" createDate="2010-10-26 16:18:24"/>
	<row tableName="ContaModel" fileName="ContaModel.zip" createDate="2005-03-12 14:09:12"/>
	<row tableName="ContaSize" fileName="ContaSize.zip" createDate="2005-03-12 14:09:12"/>
	<row tableName="CoType" fileName="CoType.zip" createDate="2005-03-12 14:07:33"/>
	<row tableName="Country" fileName="Country.zip" createDate="2014-09-15 10:18:48"/>
	<row tableName="Curr" fileName="Curr.zip" createDate="2005-03-12 14:09:11"/>
	<row tableName="Customs" fileName="Customs.zip" createDate="2014-09-15 10:19:36"/>
	<row tableName="CustomsComplex" fileName="CustomsComplex.zip" createDate="2016-01-01 09:11:42"/>	
	<row tableName="Deduc" fileName="Deduc.zip" createDate="2005-03-13 11:51:56"/>
	<row tableName="District" fileName="District.zip" createDate="2014-09-15 10:19:51"/>
	<row tableName="DriverList" fileName="DriverList.zip" createDate="2011-09-19 16:11:51"/>
	<!--<row tableName="FieldList" fileName="FieldList.zip" createDate="2007-01-22 20:15:48"/>-->
	<row tableName="GbToBig" fileName="GbToBig.zip" createDate="2012-12-21 15:00:08"/>
	<row tableName="InvClass" fileName="InvClass.zip" createDate="2005-03-12 14:07:33"/>
	<!--<row tableName="InvestMode" fileName="InvestMode.zip" createDate="2005-03-12 14:07:33"/>-->
	<row tableName="LevyKind" fileName="LevyKind.zip" createDate="2005-03-15 09:35:03"/>
	<row tableName="LevyMode" fileName="LevyMode.zip"  createDate="2005-03-13 11:51:56"/>
	<row tableName="LicenseDocu" fileName="LicenseDocu.zip" createDate="2008-10-23 15:50:11"/>
	<row tableName="LicenseNote" fileName="LicenseNote.zip" createDate="2005-03-12 14:09:11"/>
	<row tableName="MachiningType" fileName="MachiningType.zip" createDate="2005-03-12 14:07:33"/>
	<row tableName="PayerType" fileName="PayerType.zip" createDate="2005-03-12 14:09:13"/>
	<row tableName="PayMode" fileName="PayMode.zip" createDate="2010-07-19 10:09:12"/>
	<row tableName="PayType" fileName="PayType.zip" createDate="2005-03-12 14:09:13"/>
	<row tableName="PortInternal" fileName="PortInternal.zip" createDate="2004-07-19 10:41:07"/>
	<row tableName="PortLin" fileName="PortLin.zip" createDate="2014-09-15 10:21:38"/>
	<row tableName="PreDock" fileName="PreDock.zip"  createDate="2011-07-04 09:02:02"/>
	<row tableName="RedDep" fileName="RedDep.zip" createDate="2005-03-12 14:09:05"/>
	<row tableName="SaicCode" fileName="SaicCode.zip" createDate="2005-03-12 14:09:04"/>
	<row tableName="SrtJzx" fileName="SrtJzx.zip" createDate="2011-01-16 16:51:54"/>
	<row tableName="SrtTj" fileName="SrtTj.zip" createDate="2008-08-25 17:48:47"/>
	<row tableName="StsCode" fileName="StsCode.zip" createDate="2005-03-12 14:09:05"/>
	<row tableName="TaxCode" fileName="TaxCode.zip" createDate="2004-07-19 10:41:07"/>
	<row tableName="Trade" fileName="Trade.zip" createDate="2014-04-30 14:09:11"/>
	<row tableName="TradeMark" fileName="TradeMark.zip" createDate="2014-03-17 16:20:08"/>
	<row tableName="TradeFlag" fileName="TradeFlag.zip" createDate="2013-11-26 15:00:08"/>
	<row tableName="Transac" fileName="Transac.zip" createDate="2005-03-12 14:09:12"/>
	<row tableName="Transf" fileName="Transf.zip" createDate="2011-03-01 10:30:09"/>
	<row tableName="Unit" fileName="Unit.zip" createDate="2015-01-01 09:12:52"/>
	<row tableName="Uses" fileName="Uses.zip" createDate="2005-03-12 14:09:12"/>
	<row tableName="Wrap" fileName="Wrap.zip" createDate="2004-07-19 10:41:09"/>
	<row tableName="Brief" fileName="Brief.zip" createDate="2004-07-19 10:41:09"/>
	<row tableName="RmsWrap" fileName="RmsWrap.zip" createDate="2015-01-09 09:00:00"/>
	<row tableName="RmsCargoClearanceCode" fileName="RmsCargoClearanceCode.zip" createDate="2015-01-09 09:00:00"/>
	<row tableName="RmsCurr" fileName="RmsCurr.zip" createDate="2015-01-09 09:00:00"/>
	<row tableName="RmsCommunicationWay" fileName="RmsCommunicationWay.zip" createDate="2015-01-09 09:00:00"/>
	<row tableName="RmsCountry" fileName="RmsCountry.zip" createDate="2015-01-09 09:00:00"/>
	<row tableName="RmsDangerousNo" fileName="RmsDangerousNo.zip" createDate="2015-01-09 09:00:00"/>
	<row tableName="RmsFreightPayWay" fileName="RmsFreightPayWay.zip" createDate="2015-01-09 09:00:00"/>
	<row tableName="RmsTransportClause" fileName="RmsTransportClause.zip" createDate="2015-01-09 09:00:00"/>
	<!--<row tableName="ClassList" fileName="ClassList.zip" createDate="2011-12-19 19:15:48"/>-->
</table>
